{
    "$schema": "https://schema.management.azure.com/schemas/2015-01-01/deploymentParameters.json#",
    "contentVersion": "1.0.0.0",
    "parameters": {
        "location": {
            "value": {
                "type": "String",
                "value": "centralus"
            }
        },
        "networkInterfaceName": {
            "value": {
                "type": "String",
                "value": "afc378"
            }
        },
        "networkSecurityGroupName": {
            "value": {
                "type": "String",
                "value": "AFCnsg144"
            }
        },
        "networkSecurityGroupRules": {
            "value": {
                "type": "Array",
                "value": [
                    {
                        "name": "RDP",
                        "properties": {
                            "priority": 300,
                            "protocol": "TCP",
                            "access": "Allow",
                            "direction": "Inbound",
                            "sourceAddressPrefix": "*",
                            "sourcePortRange": "*",
                            "destinationAddressPrefix": "*",
                            "destinationPortRange": "3389"
                        }
                    }
                ]
            }
        },
        "subnetName": {
            "value": {
                "type": "String",
                "value": "subnet-1"
            }
        },
        "virtualNetworkId": {
            "value": {
                "type": "String",
                "value": "/subscriptions/30db6531-609a-4a17-abec-01e13b7d4049/resourceGroups/LABRG1/providers/Microsoft.Network/virtualNetworks/virtualNetwork"
            }
        },
        "publicIpAddressName": {
            "value": {
                "type": "String",
                "value": "AFCip845"
            }
        },
        "publicIpAddressType": {
            "value": {
                "type": "String",
                "value": "Dynamic"
            }
        },
        "publicIpAddressSku": {
            "value": {
                "type": "String",
                "value": "Basic"
            }
        },
        "virtualMachineName": {
            "value": {
                "type": "String",
                "value": "AFC"
            }
        },
        "virtualMachineRG": {
            "value": {
                "type": "String",
                "value": "LABRG1"
            }
        },
        "osDiskType": {
            "value": {
                "type": "String",
                "value": "StandardSSD_LRS"
            }
        },
        "virtualMachineSize": {
            "value": {
                "type": "String",
                "value": "Standard_D2_v2"
            }
        },
        "adminUsername": {
            "value": {
                "type": "String",
                "value": "parker.green"
            }
        },
        "adminPassword": {
            "value": null
        },
        "diagnosticsStorageAccountName": {
            "value": {
                "type": "String",
                "value": "diagsgjkv5ojz355pu"
            }
        },
        "diagnosticsStorageAccountId": {
            "value": {
                "type": "String",
                "value": "/subscriptions/30db6531-609a-4a17-abec-01e13b7d4049/resourceGroups/LABRG1/providers/Microsoft.Storage/storageAccounts/diagsgjkv5ojz355pu"
            }
        }
    }
}